PNo,Duration,Position
2,From 1990-01-01 to 1992-12-31,Chairman
2,From 1994-01-01  to,Member
6,Between 1990-01-01 and 1990-12-31,Secretary
6,From 1991-01-01 by 1992-12-31,Member
6,Between 1992-01-01 and 1993-12-31,Treasurer
6,Between 1993-01-01  and,Chairman
8,From 1990-01-01 to 1990-12-31,Treasurer
8,Starting from 1991-01-01 until 1991-12-31,Secretary
8,from 1993-01-01 by 1993-12-31,Member
8,Starting from  From 1994-01-01  till,Member
27,From 1990-01-01 to 1990-12-31,Member
27,From 1991-01-01 till 1991-12-31,Treasurer
27,Starting from 1993-01-01 to 1993-12-31,Treasurer
57,From 1992-01-01 until 1992-12-31,Secretary
95,between 1994-01-01  and 1996-12-31,Treasurer
112,Starting from  1992-01-01 till 1992-12-31, Member
112,between 1994-01-01  and 1996-12-31, Secretary
120,From 1997-01-01 till 2000-12-31,Treasurer
119,From 2001-01-01 by 2005-12-31,Treasurer
10,From 2006-01-01 to 2008-12-31,Treasurer
44,From 2009-01-01 till 2015-12-31,Treasurer
750,From 2023-05-20 and,Member
100,From 2016-01-01 till 2022-12-31,Treasurer
28,From 2023-01-01 and,Treasurer